"Rank","Player","Team","Bye","POS","ESPN","Sleeper","NFL","RTSports","FFC","AVG"
"1","Ja'Marr Chase","CIN","10","WR1","1","","1","1","","1.0"
"2","Bijan Robinson","ATL","5","RB1","2","","5","2","","3.0"
"3","Saquon Barkley","PHI","9","RB2","3","","2","3","","3.4"
"4","Justin Jefferson","MIN","6","WR2","4","","4","6","","3.6"
"5","CeeDee Lamb","DAL","10","WR3","6","","3","5","","4.6"
"6","Jahmyr Gibbs","DET","8","RB3","5","","6","4","","5.4"
"7","Puka Nacua","LAR","8","WR4","7","","7","10","","8.0"
"8","Christian McCaffrey","SF","14","RB4","8","","12","8","","8.8"
"9","Malik Nabers","NYG","14","WR5","12","","9","9","","9.2"
"10","Ashton Jeanty","LV","8","RB5","9","","10","7","","10.0"
"11","Amon-Ra St. Brown","DET","8","WR6","10","","11","11","","10.8"
"12","Derrick Henry","BAL","7","RB6","11","","8","12","","12.2"
"13","Nico Collins","HOU","6","WR7","15","","16","16","","13.4"
"14","De'Von Achane","MIA","12","RB7","13","","14","13","","13.8"
"15","Brian Thomas Jr.","JAC","8","WR8","18","","13","15","","14.4"
"16","A.J. Brown","PHI","9","WR9","16","","15","23","","17.6"
"17","Brock Bowers","LV","8","TE1","19","","17","20","","18.8"
"18","Drake London","ATL","5","WR10","24","","20","21","","19.2"
"19","Jonathan Taylor","IND","11","RB8","14","","21","19","","19.4"
"20","Josh Jacobs","GB","5","RB9","17","","18","14","","20.8"
"21","Bucky Irving","TB","9","RB10","20","","25","17","","21.6"
"22","Ladd McConkey","LAC","12","WR11","29","","23","27","","23.0"
"23","Lamar Jackson","BAL","7","QB1","22","","19","25","","26.2"
"24","Chase Brown","CIN","10","RB11","32","","33","18","","27.2"
"25","Josh Allen","BUF","7","QB2","21","","22","28","","27.2"
"26","Trey McBride","ARI","8","TE2","26","","28","29","","27.2"
"27","Tyreek Hill","MIA","12","WR12","30","","37","26","","27.8"
"28","Kyren Williams","LAR","8","RB12","23","","24","22","","28.2"
"29","Tee Higgins","CIN","10","WR13","28","","31","35","","28.6"
"30","Rashee Rice","KC","10","WR14","42","","40","40","","32.4"
"31","Breece Hall","NYJ","9","RB13","40","","30","24","","32.4"
"32","Jayden Daniels","WAS","12","QB3","27","","29","33","","33.2"
"33","Davante Adams","LAR","8","WR15","34","","41","34","","33.4"
"34","Garrett Wilson","NYJ","9","WR16","47","","35","36","","33.6"
"35","Terry McLaurin","WAS","12","WR17","35","","26","42","","34.0"
"36","James Cook","BUF","7","RB14","25","","27","30","","34.4"
"37","Jaxon Smith-Njigba","SEA","8","WR18","39","","39","32","","35.0"
"38","Marvin Harrison Jr.","ARI","8","WR19","45","","43","37","","36.4"
"39","George Kittle","SF","14","TE3","36","","38","44","","38.8"
"40","Jalen Hurts","PHI","9","QB4","31","","34","46","","39.4"
"41","Mike Evans","TB","9","WR20","43","","32","50","","40.0"
"42","Kenneth Walker III","SEA","8","RB15","38","","42","43","","43.4"
"43","Omarion Hampton","LAC","12","RB16","44","","51","39","","43.4"
"44","Joe Burrow","CIN","10","QB5","37","","36","38","","45.2"
"45","Alvin Kamara","NO","11","RB17","41","","46","31","","45.4"
"46","DJ Moore","CHI","5","WR21","51","","48","48","","45.8"
"47","Joe Mixon","HOU","6","RB18","33","","44","49","","49.0"
"48","Chuba Hubbard","CAR","14","RB19","49","","50","41","","49.4"
"49","DK Metcalf","PIT","5","WR22","50","","61","54","","51.0"
"50","Courtland Sutton","DEN","12","WR23","59","","55","53","","53.2"
"51","James Conner","ARI","8","RB20","48","","49","52","","53.6"
"52","DeVonta Smith","PHI","9","WR24","61","","53","58","","53.8"
"53","Jameson Williams","DET","8","WR25","73","","54","67","","57.8"
"54","Xavier Worthy","KC","10","WR26","53","","72","75","","58.2"
"55","D'Andre Swift","CHI","5","RB21","62","","60","45","","60.0"
"56","Tetairoa McMillan","CAR","14","WR27","79","","77","60","","60.2"
"57","RJ Harvey","DEN","12","RB22","57","","70","47","","60.2"
"58","Zay Flowers","BAL","7","WR28","60","","69","66","","60.8"
"59","Travis Hunter","JAC","8","WR29","63","","58","71","","61.0"
"60","Sam LaPorta","DET","8","TE4","46","","45","68","","61.6"
"61","TreVeyon Henderson","NE","14","RB23","77","","65","51","","63.8"
"62","George Pickens","DAL","10","WR30","64","","80","77","","64.4"
"63","Patrick Mahomes II","KC","10","QB6","52","","47","64","","64.6"
"64","David Montgomery","DET","8","RB24","55","","66","59","","65.2"
"65","Calvin Ridley","TEN","10","WR31","70","","71","72","","65.2"
"66","Jaylen Waddle","MIA","12","WR32","68","","89","81","","68.8"
"67","Kaleb Johnson","PIT","5","RB25","75","","81","57","","70.8"
"68","Isiah Pacheco","KC","10","RB26","74","","62","61","","70.8"
"69","Aaron Jones Sr.","MIN","6","RB27","65","","75","56","","72.6"
"70","T.J. Hockenson","MIN","6","TE5","54","","52","80","","73.0"
"71","Travis Kelce","KC","10","TE6","56","","57","69","","73.6"
"72","Chris Olave","NO","11","WR33","86","","88","73","","74.6"
"73","Tony Pollard","TEN","10","RB28","72","","84","62","","75.2"
"74","Chris Godwin","TB","9","WR34","99","","83","63","","75.8"
"75","Quinshon Judkins","CLE","9","RB29","58","","85","55","","76.6"
"76","Rome Odunze","CHI","5","WR35","76","","93","90","","76.8"
"77","Baker Mayfield","TB","9","QB7","66","","59","74","","77.0"
"78","Jerry Jeudy","CLE","9","WR36","78","","102","70","","77.2"
"79","Jordan Addison","MIN","6","WR37","84","","91","86","","80.0"
"80","Deebo Samuel Sr.","WAS","12","WR38","90","","99","79","","81.4"
"81","Bo Nix","DEN","12","QB8","67","","64","88","","82.8"
"82","Jauan Jennings","SF","14","WR39","96","","112","87","","84.8"
"83","Brian Robinson Jr.","WAS","12","RB30","91","","92","76","","86.8"
"84","Mark Andrews","BAL","7","TE7","71","","56","98","","87.0"
"85","Stefon Diggs","NE","14","WR40","100","","96","93","","88.8"
"86","Kyler Murray","ARI","8","QB9","88","","79","101","","91.0"
"87","Khalil Shakir","BUF","7","WR41","101","","100","95","","91.2"
"88","Evan Engram","DEN","12","TE8","85","","74","91","","91.6"
"89","Matthew Golden","GB","5","WR42","82","","125","92","","91.6"
"90","Cooper Kupp","SEA","8","WR43","80","","106","84","","92.4"
"91","Ricky Pearsall","SF","14","WR44","108","","119","102","","94.6"
"92","Jakobi Meyers","LV","8","WR45","102","","124","107","","95.2"
"93","Tyrone Tracy Jr.","NYG","14","RB31","98","","103","65","","96.8"
"94","Jaylen Warren","PIT","5","RB32","94","","113","82","","97.2"
"95","Justin Fields","NYJ","9","QB10","123","","63","119","","98.0"
"96","Cam Skattebo","NYG","14","RB33","92","","97","78","","98.4"
"97","David Njoku","CLE","9","TE9","69","","86","112","","99.4"
"98","Travis Etienne Jr.","JAC","8","RB34","105","","117","85","","100.0"
"99","Jayden Reed","GB","5","WR46","116","","122","105","","101.2"
"100","Brock Purdy","SF","14","QB11","95","","104","126","","106.2"
"101","Caleb Williams","CHI","5","QB12","109","","114","97","","106.4"
"102","Rhamondre Stevenson","NE","14","RB35","93","","120","99","","111.2"
"103","Jordan Mason","MIN","6","RB36","133","","147","96","","111.8"
"104","Najee Harris","LAC","12","RB37","129","","109","89","","113.0"
"105","Javonte Williams","DAL","10","RB38","87","","137","83","","113.6"
"106","Josh Downs","IND","11","WR47","163","","133","120","","115.6"
"107","Darnell Mooney","ATL","5","WR48","121","","165","123","","116.2"
"108","Brandon Aiyuk","SF","14","WR49","161","","110","108","","116.2"
"109","Zach Charbonnet","SEA","8","RB39","115","","155","94","","117.0"
"110","Tyler Warren","IND","11","TE10","126","","111","109","","117.0"
"111","Keon Coleman","BUF","7","WR50","106","","144","133","","117.4"
"112","Dak Prescott","DAL","10","QB13","131","","128","111","","118.0"
"113","Michael Pittman Jr.","IND","11","WR51","117","","179","113","","118.8"
"114","Emeka Egbuka","TB","9","WR52","134","","163","124","","119.2"
"115","Colston Loveland","CHI","5","TE11","113","","116","106","","120.4"
"116","Jared Goff","DET","8","QB14","147","","107","115","","121.6"
"117","Tucker Kraft","GB","5","TE12","122","","118","122","","121.8"
"118","Jonnu Smith","PIT","5","TE13","110","","67","110","","123.8"
"119","Justin Herbert","LAC","12","QB15","111","","130","127","","124.0"
"120","Tyjae Spears","TEN","10","RB40","120","","168","100","","126.0"
"121","J.K. Dobbins","DEN","12","RB41","144","","162","103","","126.0"
"122","Jayden Higgins","HOU","6","WR53","130","","198","132","","131.0"
"123","Rachaad White","TB","9","RB42","125","","136","114","","131.6"
"124","Jaydon Blue","DAL","10","RB43","146","","145","104","","133.4"
"125","Drake Maye","NE","14","QB16","149","","150","141","","133.6"
"126","Dalton Kincaid","BUF","7","TE14","127","","132","136","","133.6"
"127","J.J. McCarthy","MIN","6","QB17","145","","154","142","","135.8"
"128","Bhayshul Tuten","JAC","8","RB44","141","","151","116","","135.8"
"129","Marquise Brown","KC","10","WR54","153","","115","151","","138.4"
"130","C.J. Stroud","HOU","6","QB18","139","","139","153","","138.8"
"131","Austin Ekeler","WAS","12","RB45","107","","170","117","","139.2"
"132","Tre Harris","LAC","12","WR55","177","","157","135","","139.2"
"133","Rashid Shaheed","NO","11","WR56","135","","182","169","","139.6"
"134","Jordan Love","GB","5","QB19","154","","141","148","","139.8"
"135","Dallas Goedert","PHI","9","TE15","138","","134","158","","140.6"
"136","Isaac Guerendo","SF","14","RB46","148","","172","118","","144.2"
"137","Marvin Mims Jr.","DEN","12","WR57","165","","173","138","","146.2"
"138","Jake Ferguson","DAL","10","TE16","164","","156","139","","149.8"
"139","Tyler Allgeier","ATL","5","RB47","152","","166","144","","153.2"
"140","Isaiah Likely","BAL","7","TE17","166","","153","165","","154.0"
"141","Kyle Pitts","ATL","5","TE18","172","","152","145","","156.2"
"142","Tank Bigsby","JAC","8","RB48","128","","210","121","","156.6"
"143","Ray Davis","BUF","7","RB49","171","","219","129","","157.2"
"144","Christian Kirk","HOU","6","WR58","222","","167","159","","158.2"
"145","Trey Benson","ARI","8","RB50","162","","224","125","","158.8"
"146","Rashod Bateman","BAL","7","WR59","190","","186","203","","160.4"
"147","Luther Burden III","CHI","5","WR60","182","","213","166","","161.2"
"148","Trevor Lawrence","JAC","8","QB20","201","","189","157","","162.2"
"149","Tua Tagovailoa","MIA","12","QB21","185","","192","150","","164.6"
"150","Jack Bech","LV","8","WR61","143","","218","137","","165.8"
"151","Michael Penix Jr.","ATL","5","QB22","189","","190","177","","168.0"
"152","Matthew Stafford","LAR","8","QB23","174","","159","202","","168.8"
"153","Xavier Legette","CAR","14","WR62","157","","205","173","","169.2"
"154","Hunter Henry","NE","14","TE19","183","","176","161","","169.4"
"155","Zach Ertz","WAS","12","TE20","175","","169","164","","170.8"
"156","Kyle Williams","NE","14","WR63","193","","211","179","","171.6"
"157","Cameron Ward","TEN","10","QB24","169","","161","221","","172.6"
"158","Nick Chubb","HOU","6","RB51","168","","197","128","","173.2"
"159","Bryce Young","CAR","14","QB25","192","","185","189","","173.2"
"160","Adam Thielen","CAR","14","WR64","155","","208","183","","173.4"
"161","Jaylen Wright","MIA","12","RB52","227","","229","146","","184.6"
"162","Rico Dowdle","CAR","14","RB53","236","","203","143","","187.0"
"163","DeAndre Hopkins","BAL","7","WR65","208","","187","154","","187.0"
"164","Cedric Tillman","CLE","9","WR66","194","","296","171","","188.2"
"165","Brenton Strange","JAC","8","TE21","199","","251","168","","188.2"
"166","Braelon Allen","NYJ","9","RB54","231","","239","134","","188.8"
"167","Romeo Doubs","GB","5","WR67","238","","231","172","","188.8"
"168","Geno Smith","LV","8","QB26","226","","199","199","","189.0"
"169","Kareem Hunt","KC","10","RB55","173","","201","149","","189.2"
"170","Pat Freiermuth","PIT","5","TE22","176","","180","156","","190.0"
"171","Cade Otton","TB","9","TE23","203","","195","185","","190.6"
"172","Darren Waller","MIA","12","TE24","178","","175","214","","191.4"
"173","Aaron Rodgers","PIT","5","QB27","202","","204","194","","192.2"
"174","Jalen McMillan","TB","9","WR68","228","","214","187","","192.6"
"175","Sam Darnold","SEA","8","QB28","218","","202","195","","193.0"
"176","Jerome Ford","CLE","9","RB56","216","","263","130","","195.4"
"177","Wan'Dale Robinson","NYG","14","WR69","206","","247","198","","196.4"
"178","Roschon Johnson","CHI","5","RB57","184","","282","190","","198.4"
"179","Justice Hill","BAL","7","RB58","221","","233","163","","199.0"
"180","Dylan Sampson","CLE","9","RB59","230","","265","174","","200.0"
"181","Mike Gesicki","CIN","10","TE25","205","","240","223","","203.0"
"182","Quentin Johnston","LAC","12","WR70","253","","273","197","","203.6"
"183","Chig Okonkwo","TEN","10","TE26","220","","236","206","","205.4"
"184","Mason Taylor","NYJ","9","TE27","241","","244","191","","208.8"
"185","Joshua Palmer","BUF","7","WR71","275","","243","220","","213.2"
"186","Anthony Richardson Sr.","IND","11","QB29","215","","225","241","","216.6"
"187","Dalton Schultz","HOU","6","TE28","237","","227","218","","217.6"
"188","DeMario Douglas","NE","14","WR72","267","","283","210","","219.4"
"189","MarShawn Lloyd","GB","5","RB60","239","","287","184","","220.2"
"190","Blake Corum","LAR","8","RB61","214","","248","233","","223.8"
"191","Russell Wilson","NYG","14","QB30","248","","234","211","","223.8"
"192","Will Shipley","PHI","9","RB62","257","","338","193","","227.6"
"193","Raheem Mostert","LV","8","RB63","255","","230","212","","228.4"
"194","Calvin Austin III","PIT","5","WR73","256","","256","258","","232.4"
"195","Miles Sanders","DAL","10","RB64","307","","255","234","","233.6"
"196","Zack Moss","CIN","10","RB65","272","","183","192","","234.8"
"197","Pat Bryant","DEN","12","WR74","310","","389","239","","250.8"
"198","Denver Broncos","DST","12","DST1","81","","82","140","","101.0"
"199","Brashard Smith","KC","10","RB66","389","","313","205","","260.6"
"200","Trevor Etienne","CAR","14","RB67","282","","259","213","","261.0"
"201","Brandon Aubrey","DAL","10","K1","103","","73","131","","102.3"
"202","Cameron Dicker","LAC","12","K2","112","","78","147","","112.3"
"203","Alec Pierce","IND","11","WR75","","","249","232","","210.3"
"204","Keenan Allen","","","WR76","247","","","216","","213.3"
"205","Jake Bates","DET","8","K3","97","","98","162","","119.0"
"206","Philadelphia Eagles","DST","9","DST2","124","","95","152","","123.7"
"207","Houston Texans","DST","6","DST3","83","","142","167","","130.7"
"208","Dont'e Thornton Jr.","LV","8","WR77","245","","266","","","223.5"
"209","Pittsburgh Steelers","DST","5","DST4","89","","138","170","","132.3"
"210","Ollie Gordon II","MIA","12","RB68","384","","291","204","","279.6"
"211","Jaxson Dart","NYG","14","QB31","212","","252","","","224.8"
"212","Buffalo Bills","DST","7","DST5","151","","94","155","","133.3"
"213","Tyler Lockett","TEN","10","WR78","233","","238","","","225.8"
"214","Chase McLaughlin","TB","9","K4","118","","108","181","","135.7"
"215","DJ Giddens","IND","11","RB69","","","319","200","","227.8"
"216","Baltimore Ravens","DST","7","DST6","114","","123","176","","137.7"
"217","Kyle Monangai","CHI","5","RB70","","","312","160","","228.3"
"218","Shedeur Sanders","CLE","9","QB32","204","","216","","","230.8"
"219","Chris Boswell","PIT","5","K5","140","","68","217","","141.7"
"220","Ka'imi Fairbairn","HOU","6","K6","160","","90","175","","141.7"
"221","Darius Slayton","NYG","14","WR79","","","323","219","","232.3"
"222","Minnesota Vikings","DST","6","DST7","119","","148","186","","151.0"
"223","Daniel Jones","IND","11","QB33","270","","298","","","239.5"
"224","Ja'Tavion Sanders","CAR","14","TE29","283","","258","","","239.8"
"225","Dyami Brown","JAC","8","WR80","","","377","222","","240.3"
"226","Elijah Mitchell","KC","10","RB71","","","269","188","","240.5"
"227","Jarquez Hunter","LAR","8","RB72","","","392","178","","240.8"
"228","Sean Tucker","TB","9","RB73","","","297","196","","241.0"
"229","Juwan Johnson","NO","11","TE30","","","295","262","","241.3"
"230","San Francisco 49ers","DST","14","DST8","167","","76","228","","157.0"
"231","Tyler Conklin","LAC","12","TE31","","","305","215","","243.3"
"232","Jason Sanders","MIA","12","K7","150","","105","224","","159.7"
"233","Tyler Shough","NO","11","QB34","266","","292","","","245.0"
"234","Tyler Higbee","LAR","8","TE32","251","","260","","","245.5"
"235","Cole Kmet","CHI","5","TE33","263","","226","","","245.8"
"236","Detroit Lions","DST","8","DST9","104","","149","231","","161.3"
"237","Ray-Ray McCloud III","ATL","5","WR81","","","304","238","","247.0"
"238","Jaylin Noel","HOU","6","WR82","","","391","227","","247.3"
"239","Keaton Mitchell","BAL","7","RB74","","","336","237","","248.0"
"240","Taysom Hill","NO","11","TE34","254","","245","","","248.0"
"241","Diontae Johnson","CLE","9","WR83","","","276","256","","249.5"
"242","Jake Elliott","PHI","9","K8","137","","131","235","","167.7"
"243","Wil Lutz","DEN","12","K9","198","","126","180","","168.0"
"244","Tahj Brooks","CIN","10","RB75","","","341","240","","251.3"
"245","Tyler Bass","BUF","7","K10","136","","129","243","","169.3"
"246","Harrison Butker","KC","10","K11","156","","146","209","","170.3"
"247","Amari Cooper","","","WR84","273","","","263","","254.5"
"248","Noah Gray","KC","10","TE35","299","","250","","","254.8"
"249","Kansas City Chiefs","DST","10","DST10","186","","135","208","","176.3"
"250","Chicago Bears","DST","5","DST11","209","","87","244","","180.0"
"251","Dontayvion Wicks","GB","5","WR85","314","","309","","","262.3"
"252","Arizona Cardinals","DST","8","DST12","159","","140","254","","184.3"
"253","Dallas Cowboys","DST","10","DST13","188","","158","207","","184.3"
"254","Jalen Milroe","SEA","8","QB35","261","","270","","","263.8"
"255","Elijah Moore","BUF","7","WR86","316","","281","","","264.5"
"256","Isaac TeSlaa","DET","8","WR87","291","","289","","","265.0"
"257","New England Patriots","DST","14","DST14","132","","184","253","","189.7"
"258","Cincinnati Bengals","DST","10","DST15","225","","101","247","","191.0"
"259","New York Giants","DST","14","DST16","180","","193","201","","191.3"
"260","Tampa Bay Buccaneers","DST","9","DST17","197","","127","251","","191.7"
"261","Devin Neal","NO","11","RB76","","","431","182","","272.8"
"262","Los Angeles Chargers","DST","12","DST18","224","","143","242","","203.0"
"263","Green Bay Packers","DST","5","DST19","179","","194","236","","203.0"
"264","Jalen Royals","KC","10","WR88","274","","363","","","277.5"
"265","Matt Gay","WAS","12","K12","187","","181","245","","204.3"
"266","Daniel Carlson","LV","8","K13","196","","164","257","","205.7"
"267","Elic Ayomanor","TEN","10","WR89","334","","362","","","279.5"
"268","Tyler Loop","BAL","7","K14","158","","215","248","","207.0"
"269","Jalen Nailor","MIN","6","WR90","281","","349","","","280.3"
"270","Evan McPherson","CIN","10","K15","191","","188","246","","208.3"
"271","Theo Johnson","NYG","14","TE36","372","","337","","","283.0"
"272","Younghoe Koo","ATL","5","K16","200","","174","260","","211.3"
"273","New York Jets","DST","9","DST20","170","","206","261","","212.3"
"274","Joshua Karty","LAR","8","K17","181","","209","250","","213.3"
"275","Los Angeles Rams","DST","8","DST21","219","","191","230","","213.3"
"276","Kirk Cousins","ATL","5","QB36","353","","268","","","285.0"
"277","Roman Wilson","PIT","5","WR91","327","","357","","","285.3"
"278","Washington Commanders","DST","12","DST22","217","","171","255","","214.3"
"279","Brandon McManus","GB","5","K18","210","","212","226","","216.0"
"280","Joe Flacco","CLE","9","QB37","351","","321","","","290.8"
"281","Michael Wilson","ARI","8","WR92","","","302","","","222.0"
"282","Will Reichard","MIN","6","K19","211","","196","259","","222.0"
"283","Luke McCaffrey","WAS","12","WR93","340","","288","","","292.8"
"284","Kayshon Boutte","NE","14","WR94","303","","352","","","293.5"
"285","Jake Moody","SF","14","K20","229","","200","252","","227.0"
"286","Jaleel McLaughlin","DEN","12","RB77","","","160","225","","227.7"
"287","Troy Franklin","DEN","12","WR95","318","","385","","","296.3"
"288","Andrei Iosivas","CIN","10","WR96","","","286","","","230.3"
"289","Tutu Atwell","LAR","8","WR97","","","277","","","230.3"
"290","Jacory Croskey-Merritt","WAS","12","RB78","302","","394","","","298.8"
"291","Terrance Ferguson","LAR","8","TE37","442","","290","","","301.5"
"292","Antonio Gibson","NE","14","RB79","352","","280","249","","308.0"
"293","Jalen Tolbert","DAL","10","WR98","","","264","","","245.7"
"294","Jalen Coker","CAR","14","WR99","","","318","","","248.7"
"295","Jaylin Lane","WAS","12","WR100","335","","395","","","313.3"
"296","Jermaine Burton","CIN","10","WR101","320","","424","","","316.3"
"297","Tank Dell","HOU","6","WR102","250","","228","","","255.3"
"298","Marquez Valdes-Scantling","SEA","8","WR103","","","275","","","255.3"
"299","Xavier Restrepo","TEN","10","WR104","344","","390","","","318.3"
"300","Tory Horton","SEA","8","WR105","350","","393","","","319.5"
"301","Devaughn Vele","DEN","12","WR106","395","","354","","","320.3"
"302","Audric Estime","DEN","12","RB80","432","","326","","","324.5"
"303","Adonai Mitchell","IND","11","WR107","","","355","","","267.0"
"304","Tre Tucker","LV","8","WR108","","","310","","","269.0"
"305","Jordan James","SF","14","RB81","","","320","","","271.0"
"306","Dawson Knox","BUF","7","TE38","252","","254","","","271.0"
"307","A.J. Dillon","PHI","9","RB82","","","299","229","","272.3"
"308","Seattle Seahawks","DST","8","DST23","142","","177","","","159.5"
"309","KaVontae Turpin","DAL","10","WR109","328","","237","","","276.7"
"310","Elijah Arroyo","SEA","8","TE39","","","364","","","277.7"
"311","Christian Watson","GB","5","WR110","","","278","","","279.0"
"312","Ty Johnson","BUF","7","RB83","","","331","","","281.0"
"313","Malik Washington","MIA","12","WR111","","","386","","","281.3"
"314","Nick Westbrook-Ikhine","MIA","12","WR112","","","325","","","281.7"
"315","Kendre Miller","NO","11","RB84","","","353","","","283.3"
"316","Jahan Dotson","PHI","9","WR113","277","","300","","","283.7"
"317","Tai Felton","MIN","6","WR114","308","","592","","","361.0"
"318","Cleveland Browns","DST","9","DST24","232","","121","","","176.5"
"319","Curtis Samuel","BUF","7","WR115","","","346","","","290.3"
"320","Noah Brown","WAS","12","WR116","","","401","","","291.7"
"321","Mike Williams","","","WR117","","","371","","","293.0"
"322","Ben Sinnott","WAS","12","TE40","","","387","","","293.7"
"323","Brandin Cooks","NO","11","WR118","","","329","","","298.7"
"324","Jason Myers","SEA","8","K21","235","","178","","","206.5"
"325","Noah Fant","SEA","8","TE41","379","","246","","","305.3"
"326","Cairo Santos","CHI","5","K22","195","","222","","","208.5"
"327","Jimmy Horn Jr.","CAR","14","WR119","296","","311","","","306.0"
"328","Miami Dolphins","DST","12","DST25","213","","207","","","210.0"
"329","Indianapolis Colts","DST","11","DST26","207","","220","","","213.5"
"330","Austin Hooper","NE","14","TE42","293","","314","","","311.0"
"331","Parker Washington","JAC","8","WR120","","","416","","","311.3"
"332","Harold Fannin Jr.","CLE","9","TE43","411","","583","","","379.5"
"333","JuJu Smith-Schuster","KC","10","WR121","287","","293","","","313.3"
"334","Jordan Whittington","LAR","8","WR122","","","426","","","313.7"
"335","Oronde Gadsden II","LAC","12","TE44","415","","506","","","361.8"
"336","Mack Hollins","NE","14","WR123","279","","370","","","315.0"
"337","Emanuel Wilson","GB","5","RB85","","","383","","","315.3"
"338","Las Vegas Raiders","DST","8","DST27","234","","223","","","228.5"
"339","Joe Milton III","DAL","10","QB38","321","","327","","","319.3"
"340","Atlanta Falcons","DST","5","DST28","242","","217","","","229.5"
"341","Woody Marks","HOU","6","RB86","","","429","","","321.7"
"342","Jalin Hyatt","NYG","14","WR124","295","","380","","","326.0"
"343","Cam Little","JAC","8","K23","258","","221","","","239.5"
"344","Jacksonville Jaguars","DST","8","DST29","240","","242","","","241.0"
"345","Demarcus Robinson","SF","14","WR125","","","437","","","327.7"
"346","Grant Calcaterra","PHI","9","TE45","284","","334","","","328.3"
"347","Darnell Washington","PIT","5","TE46","322","","335","","","329.3"
"348","Carolina Panthers","DST","14","DST30","243","","253","","","248.0"
"349","Brock Wright","DET","8","TE47","300","","333","","","332.3"
"350","New Orleans Saints","DST","11","DST31","262","","241","","","251.5"
"351","Josh Reynolds","NYJ","9","WR126","","","","","","253.5"
"352","Ainias Smith","PHI","9","WR127","305","","316","","","336.0"
"353","Kendrick Bourne","NE","14","WR128","285","","403","","","337.0"
"354","Andy Borregales","NE","14","K24","246","","267","","","256.5"
"355","Tennessee Titans","DST","10","DST32","265","","262","","","263.5"
"356","Dustin Hopkins","CLE","9","K25","260","","274","","","267.0"
"357","Graham Gano","NYG","14","K26","278","","261","","","269.5"
"358","Parker Romo","NE","14","K27","259","","285","","","272.0"
"359","Blake Grupe","NO","11","K28","313","","232","","","272.5"
"360","Jacob Cowing","SF","14","WR129","","","488","","","348.7"
"361","Isaiah Davis","NYJ","9","RB87","","","","","","274.0"
"362","Luke Musgrave","GB","5","TE48","459","","301","","","350.0"
"363","Mitchell Trubisky","BUF","7","QB39","329","","345","","","350.0"
"364","Luke Schoonmaker","DAL","10","TE49","409","","350","","","353.0"
"365","Ja'Lynn Polk","NE","14","WR130","326","","427","","","353.7"
"366","Dillon Gabriel","CLE","9","QB40","343","","388","","","355.3"
"367","Michael Mayer","LV","8","TE50","","","272","","","284.5"
"368","Kyle Juszczyk","SF","14","RB88","337","","235","","","286.0"
"369","Mac Jones","SF","14","QB41","405","","332","","","359.7"
"370","Dameon Pierce","HOU","6","RB89","","","279","","","290.0"
"371","Devin Singletary","NYG","14","RB90","","","271","","","292.0"
"372","Matthew Wright","CAR","14","K29","292","","294","","","293.0"
"373","Will Dissly","LAC","12","TE51","","","306","","","294.0"
"374","Chimere Dike","TEN","10","WR131","304","","659","","","416.3"
"375","Mecole Hardman Jr.","GB","5","WR132","357","","374","","","367.7"
"376","Jude McAtamney","NYG","14","K30","244","","360","","","302.0"
"377","Efton Chism III","NE","14","WR133","306","","","","","305.5"
"378","AJ Barner","SEA","8","TE52","478","","317","","","371.0"
"379","Alexander Mattison","MIA","12","RB91","","","307","","","310.5"
"380","Tim Patrick","DET","8","WR134","","","347","","","315.5"
"381","Jameis Winston","NYG","14","QB42","","","303","","","316.5"
"382","Olamide Zaccheaus","CHI","5","WR135","324","","526","","","387.3"
"383","Joshua Dobbs","NE","14","QB43","268","","369","","","318.5"
"384","Kenneth Gainwell","PIT","5","RB92","","","284","","","319.0"
"385","Josh Oliver","MIN","6","TE53","365","","407","","","379.3"
"386","Chad Ryland","ARI","8","K31","388","","257","","","322.5"
"387","Spencer Rattler","NO","11","QB44","493","","356","","","385.0"
"388","Khalil Herbert","IND","11","RB93","377","","459","","","386.7"
"389","Deshaun Watson","CLE","9","QB45","264","","400","","","332.0"
"390","Gunnar Helm","TEN","10","TE54","338","","588","","","418.0"
"391","Tez Johnson","TB","9","WR136","312","","508","","","392.7"
"392","Kenny Pickett","CLE","9","QB46","375","","469","","","393.3"
"393","Allen Lazard","NYJ","9","WR137","","","405","","","340.5"
"394","Hunter Renfrow","CAR","14","WR138","422","","443","","","394.0"
"395","Savion Williams","GB","5","WR139","406","","587","","","423.7"
"396","Spencer Shrader","IND","11","K32","332","","359","","","345.5"
"397","Will Howard","PIT","5","QB47","364","","328","","","346.0"
"398","Samaje Perine","CIN","10","RB94","","","368","","","346.5"
"399","Daniel Bellinger","NYG","14","TE55","319","","378","","","348.5"
"400","Sterling Shepard","TB","9","WR140","378","","322","","","350.0"
"401","Andy Dalton","CAR","14","QB48","362","","343","","","352.5"
"402","Marcus Mariota","WAS","12","QB49","","","344","","","359.0"
"403","Tanner McKee","PHI","9","QB50","301","","418","","","359.5"
"404","Justin Tucker","","","K33","223","","","","","223.0"
"405","Treylon Burks","TEN","10","WR141","387","","541","","","421.7"
"406","Drew Lock","SEA","8","QB51","","","348","","","363.0"
"407","Rondale Moore","MIN","6","WR142","354","","620","","","451.0"
"408","Greg Dortch","ARI","8","WR143","","","442","","","367.0"
"409","Damien Martinez","SEA","8","RB95","","","432","","","367.0"
"410","Jake Bobo","SEA","8","WR144","473","","423","","","411.3"
"411","Tommy DeVito","NYG","14","QB52","317","","420","","","368.5"
"412","Carson Wentz","","","QB53","345","","","","","369.5"
"413","Cam Akers","NO","11","RB96","424","","611","","","450.0"
"414","Ty Chandler","MIN","6","RB97","","","413","","","371.0"
"415","Trayveon Williams","NE","14","RB98","367","","375","","","371.0"
"416","Kenny McIntosh","SEA","8","RB99","","","381","","","371.5"
"417","Jordan Travis","","","QB54","249","","","","","249.0"
"418","Chris Rodriguez Jr.","WAS","12","RB100","483","","419","","","418.0"
"419","Kalif Raymond","DET","8","WR145","","","398","","","377.5"
"420","Quinn Ewers","MIA","12","QB55","358","","591","","","448.7"
"421","Cordarrelle Patterson","PIT","5","RB101","","","396","","","378.5"
"422","Robert Woods","PIT","5","WR146","391","","366","","","378.5"
"423","Mason Rudolph","PIT","5","QB56","","","406","","","379.5"
"424","Javon Baker","NE","14","WR147","423","","","","","381.0"
"425","Johnny Wilson","PHI","9","WR148","397","","","","","383.0"
"426","John Samuel Shenker","","","TE56","269","","","","","269.0"
"427","Zane Gonzalez","","","K34","271","","","","","271.0"
"428","KhaDarel Hodge","ATL","5","WR149","","","439","","","385.5"
"429","Van Jefferson","TEN","10","WR150","","","409","","","386.0"
"430","Colby Parkinson","LAR","8","TE57","","","410","","","387.5"
"431","Jermar Jefferson","","","RB102","276","","","","","276.0"
"432","Malik Willis","GB","5","QB57","311","","466","","","388.5"
"433","Scott Matlock","LAC","12","DT1","280","","","","","280.0"
"434","Jake Browning","CIN","10","QB58","","","441","","","391.0"
"435","K.J. Osborn","WAS","12","WR151","400","","","","","391.5"
"436","J.J. Taylor","HOU","6","RB103","331","","454","","","392.5"
"437","Derius Davis","LAC","12","WR152","448","","478","","","428.3"
"438","Nathan Rourke","","","QB59","286","","","","","286.0"
"439","Jaren Hall","","","QB60","288","","","","","288.0"
"440","Devontez Walker","BAL","7","WR153","495","","566","","","451.3"
"441","Baylor Cupp","","","TE58","289","","","","","289.0"
"442","Dalvin Cook","","","RB104","290","","","","","290.0"
"443","Ezekiel Elliott","","","RB105","294","","","","","294.0"
"444","Jarrett Stidham","DEN","12","QB61","386","","408","","","397.0"
"445","John Metchie III","HOU","6","WR154","","","627","","","460.5"
"446","Mason Crosby","","","K35","297","","","","","297.0"
"447","Odell Beckham Jr.","","","WR155","298","","","","","298.0"
"448","Arian Smith","NYJ","9","WR156","500","","595","","","464.7"
"449","Zamir White","LV","8","RB106","431","","543","","","448.0"
"450","Jordan Watkins","SF","14","WR157","","","507","","","405.5"
"451","Sione Vaki","DET","8","RB107","","","425","","","403.0"
"452","Joey Slye","TEN","10","K36","","","308","","","308.0"
"453","Max Duggan","","","QB62","309","","","","","309.0"
"454","Deuce Vaughn","DAL","10","RB108","394","","415","","","404.5"
"455","Tommy Tremble","CAR","14","TE59","","","315","","","315.0"
"456","Zach Wilson","MIA","12","QB63","315","","537","","","426.0"
"457","Cade Stover","HOU","6","TE60","","","569","","","442.5"
"458","Greg Joseph","SF","14","K37","444","","373","","","408.5"
"459","David Moore","CAR","14","WR158","488","","330","","","409.0"
"460","Tucker Fisk","LAC","12","TE61","","","","","","319.0"
"461","KeAndre Lambert-Smith","LAC","12","WR159","","","","","","320.0"
"462","Phil Mafah","DAL","10","RB109","","","656","","","488.5"
"463","Aidan O'Connell","LV","8","QB64","470","","477","","","440.7"
"464","Malachi Corley","NYJ","9","WR160","","","573","","","447.5"
"465","Donovan Peoples-Jones","NO","11","WR161","323","","609","","","466.0"
"466","Clyde Edwards-Helaire","NO","11","RB110","","","324","","","324.0"
"467","Drew Sample","CIN","10","TE62","380","","444","","","412.0"
"468","Mitchell Evans","CAR","14","TE63","325","","581","","","453.0"
"469","Emari Demercado","ARI","8","RB111","","","","","","327.0"
"470","Kadarius Toney","","","WR162","330","","","","","330.0"
"471","Cooper Rush","BAL","7","QB65","453","","517","","","449.0"
"472","Riley Leonard","IND","11","QB66","401","","430","","","415.5"
"473","Bub Means","NO","11","WR163","","","572","","","452.5"
"474","Parris Campbell","DAL","10","WR164","333","","605","","","469.0"
"475","Zay Jones","ARI","8","WR165","499","","601","","","478.0"
"476","Tanner Brown","","","K38","336","","","","","336.0"
"477","Harrison Bryant","PHI","9","TE64","385","","451","","","418.0"
"478","Harrison Mevis","NYJ","9","K39","","","339","","","339.0"
"479","Carson Steele","KC","10","RB112","348","","491","","","419.5"
"480","Stetson Bennett","LAR","8","QB67","339","","636","","","487.5"
"481","Lenny Krieg","ATL","5","K40","","","340","","","340.0"
"482","Charlie Woerner","ATL","5","TE65","","","534","","","437.0"
"483","Matt Prater","","","K41","341","","","","","341.0"
"484","Terrace Marshall Jr.","PHI","9","WR166","342","","","","","342.0"
"485","Mitch Van Vooren","","","WR167","","","342","","","342.0"
"486","Raheim Sanders","LAC","12","RB113","","","598","","","470.5"
"487","Austin Reed","CHI","5","QB68","","","","","","344.0"
"488","Chase Claypool","","","WR168","","","","","","345.0"
"489","Emory Jones","ATL","5","QB69","","","","","","346.0"
"490","Charlie Jones","CIN","10","WR169","346","","549","","","447.5"
"491","Julio Jones","","","WR170","347","","","","","347.0"
"492","Nick Nash","ATL","5","WR171","456","","580","","","475.7"
"493","Jared Wiley","KC","10","TE66","","","641","","","494.0"
"494","LeQuint Allen Jr.","JAC","8","RB114","498","","661","","","502.7"
"495","Kaden Prather","BUF","7","WR172","","","","","","348.0"
"496","Ben DiNucci","","","QB70","349","","","","","349.0"
"497","Raheem Blackshear","CAR","14","RB115","376","","473","","","424.5"
"498","Tommy Mellott","LV","8","QB71","","","","","","350.0"
"499","Elijah Higgins","ARI","8","TE67","","","351","","","351.0"
"500","Chris Brooks","GB","5","RB116","","","481","","","426.0"
"501","Jonathan Mingo","DAL","10","WR173","","","474","","","427.0"
"502","Case Keenum","CHI","5","QB72","355","","","","","355.0"
"503","Stone Smartt","NYJ","9","TE68","","","","","","355.0"
"504","Leonard Fournette","","","RB117","356","","","","","356.0"
"505","Jeremy Ruckert","NYJ","9","TE69","","","630","","","493.0"
"506","Kendall Milton","CIN","10","RB118","","","358","","","358.0"
"507","Eddy Pineiro","","","K42","359","","","","","359.0"
"508","Hendon Hooker","DET","8","QB73","360","","551","","","455.5"
"509","Chase Edmonds","","","RB119","361","","","","","361.0"
"510","John Hoyland","BAL","7","K43","","","361","","","361.0"
"511","Bailey Zappe","KC","10","QB74","363","","629","","","496.0"
"512","John Bates","WAS","12","TE70","402","","462","","","432.0"
"513","Cade York","","","K44","452","","412","","","432.0"
"514","Brett Gabbert","MIA","12","QB75","","","365","","","365.0"
"515","Chris Oladokun","KC","10","QB76","366","","","","","366.0"
"516","C.J. Ham","MIN","6","RB120","","","367","","","367.0"
"517","Dorian Thompson-Robinson","PHI","9","QB77","368","","","","","368.0"
"518","Brevyn Spann-Ford","DAL","10","TE71","","","","","","368.0"
"519","KJ Hamler","BUF","7","WR174","369","","","","","369.0"
"520","Tyler Johnson","NYJ","9","WR175","370","","","","","370.0"
"521","Jermaine Jackson","","","WR176","371","","","","","371.0"
"522","Ian Thomas","LV","8","TE72","","","372","","","372.0"
"523","John Ross","","","WR177","373","","","","","373.0"
"524","Tip Reiman","ARI","8","TE73","","","","","","373.0"
"525","Lil'Jordan Humphrey","NYG","14","WR178","374","","524","","","449.0"
"526","Justin Shorter","LV","8","WR179","461","","414","","","437.5"
"527","Tylan Wallace","BAL","7","WR180","","","376","","","376.0"
"528","Tyrion Davis-Price","","","RB121","","","379","","","379.0"
"529","Colson Yankoff","WAS","12","TE74","381","","","","","381.0"
"530","Quez Watkins","ARI","8","WR181","382","","","","","382.0"
"531","E.J. Jenkins","PHI","9","TE75","","","382","","","382.0"
"532","Jamari Thrash","CLE","9","WR182","","","","","","382.0"
"533","Carson Strong","","","QB78","383","","","","","383.0"
"534","Julian Hill","MIA","12","TE76","","","384","","","384.0"
"535","Luke Farrell","SF","14","TE77","","","536","","","460.5"
"536","Thomas Fidone II","NYG","14","TE78","","","","","","386.0"
"537","Isaiah Neyor","SF","14","WR183","","","","","","388.0"
"538","Tre Stewart","MIN","6","RB122","","","","","","389.0"
"539","Gabe Davis","","","WR184","","","","","","390.0"
"540","LaJohntay Wester","BAL","7","WR185","390","","653","","","521.5"
"541","Aaron Shampklin","","","RB123","392","","","","","392.0"
"542","Jonathon Brooks","CAR","14","RB124","","","567","","","479.5"
"543","Jake Briningstool","KC","10","TE79","","","501","","","447.0"
"544","Michael Gallup","WAS","12","WR186","393","","519","","","456.0"
"545","Jelani Woods","IND","11","TE80","","","628","","","511.5"
"546","Isaiah Bond","","","WR187","","","","","","396.0"
"547","James Proche II","TEN","10","WR188","396","","607","","","501.5"
"548","Jimmy Garoppolo","LAR","8","QB79","","","397","","","397.0"
"549","Logan Woodside","CIN","10","QB80","398","","","","","398.0"
"550","Tyquan Thornton","KC","10","WR189","","","","","","398.0"
"551","Randy Bullock","","","K45","399","","","","","399.0"
"552","Jeremy McNichols","WAS","12","RB125","","","399","","","399.0"
"553","Trenton Irwin","JAC","8","WR190","450","","449","","","449.5"
"554","Erick All Jr.","CIN","10","TE81","","","568","","","483.5"
"555","Troy Hairston II","CLE","9","RB126","","","","","","400.0"
"556","Mo Alie-Cox","IND","11","TE82","","","402","","","402.0"
"557","Jeff Wilson Jr.","","","RB127","403","","","","","403.0"
"558","Patrick Ricard","BAL","7","RB128","","","404","","","404.0"
"559","Nikola Kalinic","ATL","5","TE83","404","","","","","404.0"
"560","Rashaad Penny","","","RB129","407","","","","","407.0"
"561","Ameer Abdullah","","","RB130","408","","","","","408.0"
"562","Israel Abanikanda","SF","14","RB131","410","","554","","","482.0"
"563","Brevin Jordan","HOU","6","TE84","","","411","","","411.0"
"564","Kristian Wilkerson","BUF","7","WR191","412","","","","","412.0"
"565","Scotty Miller","PIT","5","WR192","465","","448","","","456.5"
"566","Ihmir Smith-Marsette","NYG","14","WR193","413","","618","","","515.5"
"567","Tyson Bagent","CHI","5","QB81","414","","","","","414.0"
"568","Evan Hull","PIT","5","RB132","416","","","","","416.0"
"569","Davis Allen","LAR","8","TE85","","","417","","","417.0"
"570","Blake Whiteheart","CLE","9","TE86","417","","","","","417.0"
"571","Devin Duvernay","CHI","5","WR194","418","","","","","418.0"
"572","Jacob Kibodi","","","RB133","419","","","","","419.0"
"573","Frank Gore Jr.","BUF","7","RB134","427","","492","","","459.5"
"574","Graham Mertz","HOU","6","QB82","420","","500","","","460.0"
"575","Dan Chisena","CAR","14","WR195","421","","","","","421.0"
"576","Hunter Luepke","DAL","10","RB135","","","421","","","421.0"
"577","Malik Knowles","SF","14","WR196","","","422","","","422.0"
"578","Darrynton Evans","BUF","7","RB136","469","","453","","","461.0"
"579","Avery Williams","PHI","9","RB137","425","","","","","425.0"
"580","Kendric Pryor","CIN","10","WR197","426","","633","","","529.5"
"581","Tyler Kroft","","","TE87","428","","","","","428.0"
"582","Dante Miller","NYG","14","RB138","","","428","","","428.0"
"583","Marcedes Lewis","","","TE88","430","","","","","430.0"
"584","Kimani Vidal","LAC","12","RB139","443","","487","","","465.0"
"585","Eric Saubert","SEA","8","TE89","433","","","","","433.0"
"586","Montana Lemonious-Craig","PIT","5","WR198","","","433","","","433.0"
"587","Josh Johnson","WAS","12","QB83","","","434","","","434.0"
"588","Matt Barkley","","","QB84","434","","","","","434.0"
"589","Tyrod Taylor","NYJ","9","QB85","","","435","","","435.0"
"590","Anthony Brown Jr.","","","QB86","435","","","","","435.0"
"591","Laquon Treadwell","IND","11","WR199","","","436","","","436.0"
"592","John Kelly Jr.","","","RB140","436","","520","","","478.0"
"593","Gus Edwards","","","RB141","437","","","","","437.0"
"594","Dante Pettis","NO","11","WR200","","","438","","","438.0"
"595","Salvon Ahmed","IND","11","RB142","438","","612","","","525.0"
"596","Tanner Hudson","CIN","10","TE90","439","","","","","439.0"
"597","Foster Moreau","NO","11","TE91","","","440","","","440.0"
"598","Caden Davis","NYJ","9","K46","440","","665","","","552.5"
"599","Irv Smith Jr.","HOU","6","TE92","","","445","","","445.0"
"600","Reggie Gilliam","BUF","7","RB143","445","","613","","","529.0"
"601","Brandon Bolden","","","RB144","446","","","","","446.0"
"602","D.J. Montgomery","IND","11","WR201","","","446","","","446.0"
"603","Damien Harris","","","RB145","447","","","","","447.0"
"604","Craig Reynolds","DET","8","RB146","","","447","","","447.0"
"605","Keilan Robinson","PHI","9","RB147","449","","","","","449.0"
"606","Steven Sims Jr.","SEA","8","WR202","","","450","","","450.0"
"607","Durham Smythe","CHI","5","TE93","451","","521","","","486.0"
"608","Quintez Cephus","","","WR203","","","452","","","452.0"
"609","Grant DuBose","","","WR204","454","","","","","454.0"
"610","Adam Trautman","DEN","12","TE94","","","455","","","455.0"
"611","Miles Boykin","CHI","5","WR205","455","","523","","","489.0"
"612","Jalen Reagor","LAC","12","WR206","","","456","","","456.0"
"613","Jonathan Ward","","","RB148","","","457","","","457.0"
"614","Pierre Strong Jr.","CLE","9","RB149","457","","","","","457.0"
"615","Kenny Yeboah","DET","8","TE95","","","458","","","458.0"
"616","Terrell Bynum","","","WR207","458","","","","","458.0"
"617","Darrell Henderson Jr.","","","RB150","460","","","","","460.0"
"618","Ben Skowronek","PIT","5","WR208","","","460","","","460.0"
"619","Zach Davidson","BUF","7","TE96","","","461","","","461.0"
"620","Connor Heyward","PIT","5","TE97","462","","545","","","503.5"
"621","Michael Woods II","CLE","9","WR209","","","463","","","463.0"
"622","Jawhar Jordan","HOU","6","RB151","479","","484","","","481.5"
"623","Kyle Trask","TB","9","QB87","463","","621","","","542.0"
"624","Tyler Goodson","IND","11","RB152","","","464","","","464.0"
"625","Isaiah Hodgins","SF","14","WR210","464","","608","","","536.0"
"626","Hassan Haskins","LAC","12","RB153","","","465","","","465.0"
"627","John FitzPatrick","GB","5","TE98","466","","","","","466.0"
"628","Skyy Moore","KC","10","WR211","","","467","","","467.0"
"629","Taylor Heinicke","LAC","12","QB88","467","","511","","","489.0"
"630","David Bell","CLE","9","WR212","468","","","","","468.0"
"631","Irvin Charles","NYJ","9","WR213","","","468","","","468.0"
"632","Brandon Johnson","PIT","5","WR214","","","470","","","470.0"
"633","Greg Zuerlein","","","K47","471","","","","","471.0"
"634","Sincere McCormick","LV","8","RB154","","","471","","","471.0"
"635","Sean Clifford","GB","5","QB89","472","","","","","472.0"
"636","Jashaun Corbin","ATL","5","RB155","","","472","","","472.0"
"637","Henry Pearson","","","RB156","474","","","","","474.0"
"638","Anders Carlson","","","K48","","","475","","","475.0"
"639","Cody White","SEA","8","WR215","475","","532","","","503.5"
"640","Zach Evans","NYJ","9","RB157","","","476","","","476.0"
"641","DeWayne McBride","","","RB158","476","","","","","476.0"
"642","Jha'Quan Jackson","TEN","10","WR216","477","","","","","477.0"
"643","Trey Palmer","TB","9","WR217","","","479","","","479.0"
"644","Christopher Dunn","","","K49","480","","","","","480.0"
"645","Andre Szmyt","CLE","9","K50","","","480","","","480.0"
"646","Andre Baccellia","ARI","8","WR218","481","","","","","481.0"
"647","Thayer Thomas","MIN","6","WR219","","","482","","","482.0"
"648","SaRodorick Thompson Jr.","","","RB159","482","","","","","482.0"
"649","Rasheen Ali","BAL","7","RB160","","","483","","","483.0"
"650","Michael Pratt","TB","9","QB90","484","","","","","484.0"
"651","Lucas Havrisik","","","K51","485","","","","","485.0"
"652","Louis Rees-Zammit","JAC","8","RB161","","","485","","","485.0"
"653","Braxton Berrios","HOU","6","WR220","486","","","","","486.0"
"654","Charlie Smyth","NO","11","K52","","","486","","","486.0"
"655","Cole Fotheringham","","","TE99","487","","","","","487.0"
"656","Michael Bandy","DEN","12","WR221","489","","","","","489.0"
"657","Devin Culp","TB","9","TE100","","","489","","","489.0"
"658","George Holani","SEA","8","RB162","","","490","","","490.0"
"659","Velus Jones Jr.","NO","11","WR222","490","","","","","490.0"
"660","Chris Moore","WAS","12","WR223","491","","512","","","501.5"
"661","Tarik Black","MIA","12","WR224","492","","","","","492.0"
"662","Blake Watson","DEN","12","RB163","","","493","","","493.0"
"663","Michael Badgley","","","K53","494","","","","","494.0"
"664","David Martin-Robinson","TEN","10","TE101","","","494","","","494.0"
"665","Drake Stoops","LAR","8","WR225","","","495","","","495.0"
"666","Jahmal Banks","BAL","7","WR226","","","496","","","496.0"
"667","Michael Burton","DEN","12","RB164","496","","510","","","503.0"
"668","Marcus Major Jr.","BAL","7","RB165","","","497","","","497.0"
"669","Armani Rogers","","","TE102","497","","","","","497.0"
"670","Jahdae Walker","CHI","5","WR227","","","498","","","498.0"
"671","Rivaldo Fairweather","DAL","10","TE103","","","499","","","499.0"
"672","Chris Tyree","NO","11","RB166","","","502","","","502.0"
"673","Beaux Collins","NYG","14","WR228","","","503","","","503.0"
"674","Max Hurleman","PIT","5","CB1","","","504","","","504.0"
"675","Ben Sauls","PIT","5","K54","","","505","","","505.0"
"676","Caden Prieskorn","DEN","12","TE104","","","509","","","509.0"
"677","Jacoby Brissett","ARI","8","QB91","","","513","","","513.0"
"678","Jamal Agnew","ATL","5","WR229","","","514","","","514.0"
"679","Nick Mullens","JAC","8","QB92","","","515","","","515.0"
"680","Pharaoh Brown","MIA","12","TE105","","","516","","","516.0"
"681","Justin Watson","HOU","6","WR230","","","518","","","518.0"
"682","Ross Dwelley","SF","14","TE106","","","522","","","522.0"
"683","Gardner Minshew II","KC","10","QB93","","","525","","","525.0"
"684","Malik Taylor","DET","8","WR231","","","527","","","527.0"
"685","Tom Kennedy","DET","8","WR232","","","528","","","528.0"
"686","Giovanni Ricci","MIN","6","TE107","","","529","","","529.0"
"687","Albert Okwuegbunam Jr.","IND","11","TE108","","","530","","","530.0"
"688","Patrick Taylor Jr.","SF","14","RB167","","","531","","","531.0"
"689","Trishton Jackson","ARI","8","WR233","","","533","","","533.0"
"690","Lawrence Cager","WAS","12","WR234","","","535","","","535.0"
"691","Trey Lance","LAC","12","QB94","","","538","","","538.0"
"692","Jaret Patterson","LAC","12","RB168","","","539","","","539.0"
"693","Greg Dulcich","NYG","14","TE109","","","540","","","540.0"
"694","Drew Ogletree","IND","11","TE110","","","542","","","542.0"
"695","Britain Covey","LAR","8","WR235","","","544","","","544.0"
"696","Justyn Ross","","","WR236","","","546","","","546.0"
"697","Seth Green","NO","11","TE111","","","547","","","547.0"
"698","Kevin Austin Jr.","NO","11","WR237","","","548","","","548.0"
"699","Jalen Brooks","DAL","10","WR238","","","550","","","550.0"
"700","Will Levis","TEN","10","QB95","","","552","","","552.0"
"701","Josh Whyle","TEN","10","TE112","","","553","","","553.0"
"702","Ronnie Bell","DET","8","WR239","","","555","","","555.0"
"703","Nikko Remigio","KC","10","WR240","","","556","","","556.0"
"704","Carlos Washington Jr.","ATL","5","RB169","","","557","","","557.0"
"705","Jalen Cropper","DAL","10","WR241","","","558","","","558.0"
"706","Princeton Fant","DAL","10","TE113","","","559","","","559.0"
"707","Elijah Cooks","PHI","9","WR242","","","560","","","560.0"
"708","Tyrell Shavers","BUF","7","WR243","","","561","","","561.0"
"709","Tanner Taula","TB","9","TE114","","","562","","","562.0"
"710","Ryan Miller","TB","9","WR244","","","563","","","563.0"
"711","Lucky Jackson","MIN","6","WR245","","","564","","","564.0"
"712","Casey Washington","ATL","5","WR246","","","565","","","565.0"
"713","Anthony Gould","IND","11","WR247","","","570","","","570.0"
"714","Tahj Washington","MIA","12","WR248","","","571","","","571.0"
"715","McCallan Castles","LAC","12","TE115","","","574","","","574.0"
"716","Xavier Johnson","HOU","6","WR249","","","575","","","575.0"
"717","Cam Grandy","CIN","10","TE116","","","576","","","576.0"
"718","British Brooks","HOU","6","RB170","","","577","","","577.0"
"719","Terrell Jennings","NE","14","RB171","","","578","","","578.0"
"720","Geor'Quarius Spivey","KC","10","TE117","","","579","","","579.0"
"721","Ryan Fitzgerald","CAR","14","K55","","","582","","","582.0"
"722","Gage Larvadain","CLE","9","WR250","","","584","","","584.0"
"723","Tyler Neville","DAL","10","TE118","","","585","","","585.0"
"724","Jakobie Keeney-James","DET","8","WR251","","","586","","","586.0"
"725","Ajou Ajou","IND","11","WR252","","","589","","","589.0"
"726","Maddux Trujillo","IND","11","K56","","","590","","","590.0"
"727","Ben Yurosek","MIN","6","TE119","","","593","","","593.0"
"728","Moochie Dixon","NO","11","WR253","","","594","","","594.0"
"729","Darius Cooper","PHI","9","WR254","","","596","","","596.0"
"730","JJ Galbreath","PIT","5","TE120","","","597","","","597.0"
"731","Corey Kiner","SF","14","RB172","","","599","","","599.0"
"732","Tyrone Broden","SEA","8","WR255","","","600","","","600.0"
"733","Kyle Allen","DET","8","QB96","","","602","","","602.0"
"734","John Wolford","JAC","8","QB97","","","603","","","603.0"
"735","Will Grier","DAL","10","QB98","","","604","","","604.0"
"736","Ashton Dulin","IND","11","WR256","","","606","","","606.0"
"737","Laviska Shenault Jr.","BUF","7","WR257","","","610","","","610.0"
"738","Tim Jones","MIN","6","WR258","","","614","","","614.0"
"739","Kylen Granson","PHI","9","TE121","","","615","","","615.0"
"740","Hunter Long","JAC","8","TE122","","","616","","","616.0"
"741","Kene Nwangwu","NYJ","9","RB173","","","617","","","617.0"
"742","Gary Brightwell","CIN","10","RB174","","","619","","","619.0"
"743","Quintin Morris","JAC","8","TE123","","","622","","","622.0"
"744","Austin Trammell","JAC","8","WR259","","","623","","","623.0"
"745","Jack Stoll","NO","11","TE124","","","624","","","624.0"
"746","Tyler Badie","DEN","12","RB175","","","625","","","625.0"
"747","Charlie Kolar","BAL","7","TE125","","","626","","","626.0"
"748","Bo Melton","GB","5","WR260","","","631","","","631.0"
"749","Dareke Young","SEA","8","WR261","","","632","","","632.0"
"750","Tanner Conner","MIA","12","TE126","","","634","","","634.0"
"751","Lucas Krull","DEN","12","TE127","","","635","","","635.0"
"752","Payne Durham","TB","9","TE128","","","637","","","637.0"
"753","Ben VanSumeren","PHI","9","LB1","","","638","","","638.0"
"754","Dylan Drummond","ATL","5","WR262","","","639","","","639.0"
"755","Jase McClellan","","","RB176","","","640","","","640.0"
"756","Dayton Wade","BAL","7","WR263","","","642","","","642.0"
"757","Emani Bailey","CAR","14","RB177","","","643","","","643.0"
"758","Jack Plummer","CAR","14","QB99","","","644","","","644.0"
"759","Brenden Bates","CLE","9","TE129","","","645","","","645.0"
"760","Ian Wheeler","CHI","5","RB178","","","646","","","646.0"
"761","Isaiah Williams","CIN","10","WR264","","","647","","","647.0"
"762","Dallin Holker","NO","11","TE130","","","648","","","648.0"
"763","Cody Schrader","LAR","8","RB179","","","649","","","649.0"
"764","Sam Hartman","WAS","12","QB100","","","650","","","650.0"
"765","Hayden Rucci","MIA","12","TE131","","","651","","","651.0"
"766","Jaelen Gill","CLE","9","WR265","","","652","","","652.0"
"767","Jonathan Kim","CHI","5","K57","","","654","","","654.0"
"768","Josh Kelly","DAL","10","WR266","","","655","","","655.0"
"769","Caleb Lohner","DEN","12","TE132","","","657","","","657.0"
"770","Jackson Meeks","DET","8","WR267","","","658","","","658.0"
"771","Kalel Mullings","TEN","10","RB180","","","660","","","660.0"
"772","Anthony Torres","LAR","8","TE133","","","662","","","662.0"
"773","Gavin Bartholomew","MIN","6","TE134","","","663","","","663.0"
"774","Marcus Yarns","NO","11","RB181","","","664","","","664.0"
"775","Kyle McCord","PHI","9","QB101","","","666","","","666.0"
"776","ShunDerrick Powell","PHI","9","RB182","","","667","","","667.0"
"777","DJ Uiagalelei","LAC","12","QB102","","","668","","","668.0"
"778","Junior Bergen","SF","14","WR268","","","669","","","669.0"
"779","Ricky White III","SEA","8","WR269","","","670","","","670.0"
"780","Jacardia Wright","SEA","8","RB183","","","671","","","671.0"
""
""